{"name":"bba75959-0c60-4214-b778-64791e960d9a","id":"/providers/Microsoft.Flow/flows/bba75959-0c60-4214-b778-64791e960d9a","type":"Microsoft.Flow/flows","properties":{"apiId":"/providers/Microsoft.PowerApps/apis/shared_logicflows","displayName":"Update List","definition":{"metadata":{"workflowEntityId":null,"processAdvisorMetadata":null,"flowChargedByPaygo":null,"flowclientsuspensionreason":"None","flowclientsuspensiontime":null,"flowclientsuspensionreasondetails":null,"creator":{"id":"653a844c-f72c-49b7-b526-bbdabb3984f8","type":"User","tenantId":"173f94b5-d7c7-49ce-ada0-2a31f3e4cfad"},"provisioningMethod":"FromDefinition","failureAlertSubscription":true,"clientLastModifiedTime":"2025-07-08T20:02:11.3909255Z","connectionKeySavedTimeKey":"2025-09-06T20:45:02.6254582Z","creationSource":null,"modifiedSources":"Portal","clientCreatedTime":"2025-07-25T03:44:47.876646Z","migrationSourceId":"/subscriptions/be4c2756-6fa8-4d1b-91ba-70dc75410b5a/resourceGroups/173f94b5d7c749ceada02a31f3e4cfad-653a844cf72c49b7b526bbdabb3984f8/providers/Microsoft.Logic/workflows/bba75959-0c60-4214-b778-64791e960d9a-azshadow"},"$schema":"https://schema.management.azure.com/providers/Microsoft.Logic/schemas/2016-06-01/workflowdefinition.json#","contentVersion":"undefined","parameters":{"$authentication":{"defaultValue":{},"type":"SecureObject"},"$connections":{"defaultValue":{},"type":"Object"}},"triggers":{"Recurrence":{"recurrence":{"interval":1,"frequency":"Day","timeZone":"US Eastern Standard Time","startTime":"2024-02-10","schedule":{"hours":["2"],"minutes":[0]}},"evaluatedRecurrence":{"interval":1,"frequency":"Day","timeZone":"US Eastern Standard Time","startTime":"2024-02-10","schedule":{"hours":["2"],"minutes":[0]}},"type":"Recurrence"}},"actions":{"Get_group_members":{"runAfter":{},"metadata":{"operationMetadataId":"a0459de9-0093-478f-be5b-18ce467a1493"},"type":"OpenApiConnection","inputs":{"parameters":{"id":"ca9408f4-17ef-41e8-92d5-15826e22fd01","$top":250},"host":{"apiId":"/providers/Microsoft.PowerApps/apis/shared_azuread","connectionName":"shared_azuread-1","operationId":"GetGroupMembers"},"authentication":"@parameters('$authentication')"}},"init_user_list_array_usersVar":{"runAfter":{"Get_group_members":["Succeeded"]},"metadata":{"operationMetadataId":"1a8209d2-7b81-4c7a-8621-99d55f05bf4c"},"type":"InitializeVariable","inputs":{"variables":[{"name":"usersVar","type":"array"}]}},"Get_list_items":{"runAfter":{"Initialize_variable-copy":["Succeeded"]},"metadata":{"operationMetadataId":"9dcc97fd-c76d-4c6b-a267-35a6b61a2bd5"},"type":"OpenApiConnection","inputs":{"parameters":{"dataset":"https://gregoryappel.sharepoint.com/sites/Gavin-Testing","table":"aaeca4af-04c2-417e-a648-2b537e3143dc","$top":250},"host":{"apiId":"/providers/Microsoft.PowerApps/apis/shared_sharepointonline","connectionName":"shared_sharepointonline-1","operationId":"GetItems"},"authentication":"@parameters('$authentication')"}},"Apply_to_each":{"foreach":"@outputs('Get_group_members')?['body/value']","actions":{"Get_user_profile_(V2)":{"metadata":{"operationMetadataId":"687a6ebd-4514-481b-95db-386df5a483fe"},"type":"OpenApiConnection","inputs":{"parameters":{"id":"@item()?['id']"},"host":{"apiId":"/providers/Microsoft.PowerApps/apis/shared_office365users","connectionName":"shared_office365users","operationId":"UserProfile_V2"},"authentication":"@parameters('$authentication')"}},"Condition":{"actions":{"Get_employee_list_by_name":{"metadata":{"operationMetadataId":"d557854a-48f1-49fd-be44-c260c3af570f"},"type":"OpenApiConnection","inputs":{"parameters":{"dataset":"https://gregoryappel.sharepoint.com/sites/Gavin-Testing","table":"aaeca4af-04c2-417e-a648-2b537e3143dc","$filter":"Employee/Title eq '@{outputs('Get_user_profile_(V2)')?['body/displayName']}'"},"host":{"apiId":"/providers/Microsoft.PowerApps/apis/shared_sharepointonline","connectionName":"shared_sharepointonline-1","operationId":"GetItems"},"authentication":"@parameters('$authentication')"}},"For_each":{"foreach":"@outputs('Get_employee_list_by_name')?['body/value']","actions":{"Update_item":{"metadata":{"operationMetadataId":"184bc762-07f1-40f7-a7a4-2a8a9617662e"},"type":"OpenApiConnection","inputs":{"parameters":{"dataset":"https://gregoryappel.sharepoint.com/sites/Gavin-Testing","table":"aaeca4af-04c2-417e-a648-2b537e3143dc","id":"@item()?['ID']","item/Title":"@outputs('Get_user_profile_(V2)')?['body/jobTitle']","item/Phone":"@variables('phoneNumber')","item/Location":"@outputs('Get_user_profile_(V2)')?['body/officeLocation']"},"host":{"apiId":"/providers/Microsoft.PowerApps/apis/shared_sharepointonline","connectionName":"shared_sharepointonline","operationId":"PatchItem"},"authentication":"@parameters('$authentication')"}}},"runAfter":{"Get_employee_list_by_name":["Succeeded"]},"metadata":{"operationMetadataId":"35979c73-4d79-48c9-a681-adcf5216d943"},"type":"Foreach"}},"runAfter":{"Set_phone_number":["Succeeded"]},"else":{"actions":{"Create_item":{"metadata":{"operationMetadataId":"5194ce39-c65a-4717-a01a-5de62d370b85"},"type":"OpenApiConnection","inputs":{"parameters":{"dataset":"https://gregoryappel.sharepoint.com/sites/Gavin-Testing","table":"aaeca4af-04c2-417e-a648-2b537e3143dc","item/Title":"@outputs('Get_user_profile_(V2)')?['body/jobTitle']","item/Employee/Claims":"@outputs('Get_user_profile_(V2)')?['body/displayName']","item/Phone":"@variables('phoneNumber')","item/Location":"@outputs('Get_user_profile_(V2)')?['body/officeLocation']"},"host":{"apiId":"/providers/Microsoft.PowerApps/apis/shared_sharepointonline","connectionName":"shared_sharepointonline-1","operationId":"PostItem"},"authentication":"@parameters('$authentication')"}}}},"expression":{"and":[{"contains":["@variables('usersVar')","@item()?['displayName']"]}]},"metadata":{"operationMetadataId":"307c54d0-9ab4-411c-b0c2-b02eaa733a33"},"type":"If"},"Set_phone_number":{"runAfter":{"Get_user_profile_(V2)":["Succeeded"]},"metadata":{"operationMetadataId":"4460a88b-b637-4334-bc52-b942ec3b24ce"},"type":"SetVariable","inputs":{"name":"phoneNumber","value":"@first(outputs('Get_user_profile_(V2)')?['body/businessPhones'])"}}},"runAfter":{"For_each_2":["Succeeded"]},"metadata":{"operationMetadataId":"2818c232-07e7-45df-8b1f-69d66bbb11e1"},"type":"Foreach"},"Initialize_phoneNumber":{"runAfter":{"init_membersVar_array":["Succeeded"]},"metadata":{"operationMetadataId":"4a74ca90-93ae-4561-90ba-caa9109c03a5"},"type":"InitializeVariable","inputs":{"variables":[{"name":"phoneNumber","type":"string"}]}},"For_each_1":{"foreach":"@outputs('Get_list_items')?['body/value']","actions":{"Append_to_array_variable":{"metadata":{"operationMetadataId":"1d57761e-d226-4e15-866d-6a228e4bb6fc"},"type":"AppendToArrayVariable","inputs":{"name":"usersVar","value":"@item()?['Employee']?['DisplayName']"}}},"runAfter":{"Get_list_items":["Succeeded"]},"metadata":{"operationMetadataId":"29aa172c-ae16-42bb-9d44-c6992e3e62fa"},"type":"Foreach"},"For_each_2":{"foreach":"@outputs('Get_group_members')?['body/value']","actions":{"Append_to_array_variable_1":{"metadata":{"operationMetadataId":"1d57761e-d226-4e15-866d-6a228e4bb6fc"},"type":"AppendToArrayVariable","inputs":{"name":"membersVar","value":"@item()?['displayName']"}}},"runAfter":{"For_each_1":["Succeeded"]},"type":"Foreach"},"init_membersVar_array":{"runAfter":{"init_user_list_array_usersVar":["Succeeded"]},"metadata":{"operationMetadataId":"1a8209d2-7b81-4c7a-8621-99d55f05bf4c"},"type":"InitializeVariable","inputs":{"variables":[{"name":"membersVar","type":"array"}]}},"Initialize_variable-copy":{"runAfter":{"Initialize_phoneNumber":["Succeeded"]},"metadata":{"operationMetadataId":"4a74ca90-93ae-4561-90ba-caa9109c03a5"},"type":"InitializeVariable","inputs":{"variables":[{"name":"name","type":"string"}]}},"Initialize_variable":{"runAfter":{"Get_updated_list":["Succeeded"]},"type":"InitializeVariable","inputs":{"variables":[{"name":"arraything","type":"array"}]}},"For_each_4":{"foreach":"@outputs('Get_updated_list')?['body/value']","actions":{"Append_to_array_variable_2":{"type":"AppendToArrayVariable","inputs":{"name":"arraything","value":"@items('For_each_4')?['Employee']?['DisplayName']"}}},"runAfter":{"Initialize_variable":["Succeeded"]},"type":"Foreach"},"Get_updated_list":{"runAfter":{"Apply_to_each":["Succeeded"]},"type":"OpenApiConnection","inputs":{"parameters":{"dataset":"https://gregoryappel.sharepoint.com/sites/Gavin-Testing","table":"aaeca4af-04c2-417e-a648-2b537e3143dc","$top":250},"host":{"apiId":"/providers/Microsoft.PowerApps/apis/shared_sharepointonline","connectionName":"shared_sharepointonline-1","operationId":"GetItems"},"authentication":"@parameters('$authentication')"}},"For_each_5":{"foreach":"@outputs('Get_updated_list')?['body/value']","actions":{"Search_for_users_(V2)":{"type":"OpenApiConnection","inputs":{"parameters":{"top":1,"isSearchTermRequired":true,"searchTerm":"@item()?['Employee']?['DisplayName']"},"host":{"apiId":"/providers/Microsoft.PowerApps/apis/shared_office365users","connectionName":"shared_office365users","operationId":"SearchUserV2"},"authentication":"@parameters('$authentication')"}},"Condition_1":{"actions":{},"runAfter":{"For_each_6":["Succeeded"]},"else":{"actions":{"Get_Items_for_Deletion":{"type":"OpenApiConnection","inputs":{"parameters":{"dataset":"https://gregoryappel.sharepoint.com/sites/Gavin-Testing","table":"aaeca4af-04c2-417e-a648-2b537e3143dc","$filter":"Employee/Title eq '@{variables('name')}'"},"host":{"apiId":"/providers/Microsoft.PowerApps/apis/shared_sharepointonline","connectionName":"shared_sharepointonline-1","operationId":"GetItems"},"authentication":"@parameters('$authentication')"}},"For_each_3":{"foreach":"@outputs('Get_Items_for_Deletion')?['body/value']","actions":{"Delete_item":{"type":"OpenApiConnection","inputs":{"parameters":{"dataset":"https://gregoryappel.sharepoint.com/sites/Gavin-Testing","table":"aaeca4af-04c2-417e-a648-2b537e3143dc","id":"@item()?['ID']"},"host":{"apiId":"/providers/Microsoft.PowerApps/apis/shared_sharepointonline","connectionName":"shared_sharepointonline-1","operationId":"DeleteItem"},"authentication":"@parameters('$authentication')"}}},"runAfter":{"Get_Items_for_Deletion":["Succeeded"]},"type":"Foreach"}}},"expression":{"and":[{"contains":["@variables('membersVar')","@variables('name')"]}]},"type":"If"},"For_each_6":{"foreach":"@outputs('Search_for_users_(V2)')?['body/value']","actions":{"Set_variable":{"type":"SetVariable","inputs":{"name":"name","value":"@item()?['DisplayName']"}}},"runAfter":{"Search_for_users_(V2)":["Succeeded"]},"type":"Foreach"}},"runAfter":{"For_each_4":["Succeeded"]},"type":"Foreach"}},"description":"This updates the sharepoint list that is used as the database for the employee search."},"connectionReferences":{"shared_azuread-1":{"connectionName":"shared-azuread-dbd3edfd-7b37-47ed-aa82-15006647c34e","source":"Embedded","id":"/providers/Microsoft.PowerApps/apis/shared_azuread","tier":"NotSpecified","apiName":"azuread","isProcessSimpleApiReferenceConversionAlreadyDone":false},"shared_sharepointonline-1":{"connectionName":"shared-sharepointonl-b07accf3-477a-485c-b75c-94e5ff648c70","source":"Embedded","id":"/providers/Microsoft.PowerApps/apis/shared_sharepointonline","tier":"NotSpecified","apiName":"sharepointonline","isProcessSimpleApiReferenceConversionAlreadyDone":false},"shared_office365users":{"connectionName":"shared-office365user-4c3492c2-f9f9-47d5-9f39-210854505956","source":"Embedded","id":"/providers/Microsoft.PowerApps/apis/shared_office365users","tier":"NotSpecified","apiName":"office365users","isProcessSimpleApiReferenceConversionAlreadyDone":false},"shared_sharepointonline":{"connectionName":"shared-sharepointonl-b1e4a4a4-a533-427c-a0c3-4b64227567ac","source":"Embedded","id":"/providers/Microsoft.PowerApps/apis/shared_sharepointonline","tier":"NotSpecified","apiName":"sharepointonline","isProcessSimpleApiReferenceConversionAlreadyDone":false}},"flowFailureAlertSubscribed":false,"isManaged":false}}