{"name":"eb54c1e2-d07d-4dfb-b620-84dd5df26201","id":"/providers/Microsoft.Flow/flows/eb54c1e2-d07d-4dfb-b620-84dd5df26201","type":"Microsoft.Flow/flows","properties":{"apiId":"/providers/Microsoft.PowerApps/apis/shared_logicflows","displayName":"generate list","definition":{"metadata":{"workflowEntityId":null,"processAdvisorMetadata":null,"flowChargedByPaygo":null,"flowclientsuspensionreason":"None","flowclientsuspensiontime":null,"flowclientsuspensionreasondetails":null,"creator":{"id":"653a844c-f72c-49b7-b526-bbdabb3984f8","type":"User","tenantId":"173f94b5-d7c7-49ce-ada0-2a31f3e4cfad"},"provisioningMethod":"FromDefinition","failureAlertSubscription":true,"clientLastModifiedTime":"2024-08-13T17:20:43.4063829Z","connectionKeySavedTimeKey":"2025-09-16T09:16:01.357689Z","clientCreatedTime":"2025-07-25T03:47:06.9962753Z","migrationSourceId":"/subscriptions/be4c2756-6fa8-4d1b-91ba-70dc75410b5a/resourceGroups/173f94b5d7c749ceada02a31f3e4cfad-653a844cf72c49b7b526bbdabb3984f8/providers/Microsoft.Logic/workflows/eb54c1e2-d07d-4dfb-b620-84dd5df26201-azshadow"},"$schema":"https://schema.management.azure.com/providers/Microsoft.Logic/schemas/2016-06-01/workflowdefinition.json#","contentVersion":"1.0.0.0","parameters":{"$authentication":{"defaultValue":{},"type":"SecureObject"},"$connections":{"defaultValue":{},"type":"Object"}},"triggers":{"manual":{"type":"Request","kind":"Button","inputs":{"schema":{"type":"object","properties":{},"required":[]}}}},"actions":{"Get_group_members":{"runAfter":{},"type":"OpenApiConnection","inputs":{"parameters":{"id":"ca9408f4-17ef-41e8-92d5-15826e22fd01","$top":250},"host":{"apiId":"/providers/Microsoft.PowerApps/apis/shared_azuread","connectionName":"shared_azuread","operationId":"GetGroupMembers"},"authentication":{"value":"@json(decodeBase64(triggerOutputs().headers['X-MS-APIM-Tokens']))['$ConnectionKey']","type":"Raw"}}},"For_each-copy":{"foreach":"@outputs('Get_group_members')?['body/value']","actions":{"Get_user_profile_(V2)":{"type":"OpenApiConnection","inputs":{"parameters":{"id":"@item()?['id']"},"host":{"apiId":"/providers/Microsoft.PowerApps/apis/shared_office365users","connectionName":"shared_office365users","operationId":"UserProfile_V2"},"authentication":{"value":"@json(decodeBase64(triggerOutputs().headers['X-MS-APIM-Tokens']))['$ConnectionKey']","type":"Raw"}}},"Set_variable":{"runAfter":{"Get_user_profile_(V2)":["Succeeded"]},"type":"SetVariable","inputs":{"name":"trest","value":"@first(outputs('Get_user_profile_(V2)')?['body/businessPhones'])"}},"Create_item":{"runAfter":{"Set_variable":["Succeeded"]},"type":"OpenApiConnection","inputs":{"parameters":{"dataset":"https://gregoryappel.sharepoint.com/sites/Gavin-Testing","table":"aaeca4af-04c2-417e-a648-2b537e3143dc","item/Title":"@item()?['jobTitle']","item/Employee/Claims":"@item()?['displayName']","item/Phone":"@variables('trest')","item/Location":"@item()?['officeLocation']"},"host":{"apiId":"/providers/Microsoft.PowerApps/apis/shared_sharepointonline","connectionName":"shared_sharepointonline","operationId":"PostItem"},"authentication":{"value":"@json(decodeBase64(triggerOutputs().headers['X-MS-APIM-Tokens']))['$ConnectionKey']","type":"Raw"}}}},"runAfter":{"Initialize_variable":["Succeeded"]},"type":"Foreach"},"Initialize_variable":{"runAfter":{"Get_group_members":["Succeeded"]},"type":"InitializeVariable","inputs":{"variables":[{"name":"trest","type":"string"}]}}},"outputs":{}},"connectionReferences":{"shared_azuread":{"connectionName":"shared-azuread-538f323e-123c-47f0-97b3-b712cbe8023b","source":"Invoker","id":"/providers/Microsoft.PowerApps/apis/shared_azuread","tier":"NotSpecified","apiName":"azuread","isProcessSimpleApiReferenceConversionAlreadyDone":false},"shared_office365users":{"connectionName":"shared-office365user-4c3492c2-f9f9-47d5-9f39-210854505956","source":"Invoker","id":"/providers/Microsoft.PowerApps/apis/shared_office365users","tier":"NotSpecified","apiName":"office365users","isProcessSimpleApiReferenceConversionAlreadyDone":false},"shared_sharepointonline":{"connectionName":"shared-sharepointonl-17401bd7-e815-4469-ae98-9ba49ec2ac39","source":"Invoker","id":"/providers/Microsoft.PowerApps/apis/shared_sharepointonline","tier":"NotSpecified","apiName":"sharepointonline","isProcessSimpleApiReferenceConversionAlreadyDone":false}},"flowFailureAlertSubscribed":false,"isManaged":false}}